
{
    "name": "sato01",
    "vendorId": "0x5FFF",
    "productId": "0x0001",
    "menus": [],
    "keycodes": [],
    "matrix": { "cols": 12, "rows": 4 },
    "layouts": {
        "keymap": [[
    "0,0",
    "0,1",
    "0,2",
    "0,3",
    "0,4",
    "0,5",
    {
      "x": 2
    },
    "0,6",
    "0,7",
    "0,8",
    "0,9",
    "0,10",
    "0,11"
  ],
  [
    "1,0",
    "1,1",
    "1,2",
    "1,3",
    "1,4",
    "1,5",
    {
      "x": 2
    },
    "1,6",
    "1,7",
    "1,8",
    "1,9",
    "1,10",
    "1,11"
  ],
  [
    "2,0",
    "2,1",
    "2,2",
    "2,3",
    "2,4",
    "2,5",
    {
      "x": 2
    },
    "2,6",
    "2,7",
    "2,8",
    "2,9",
    "2,10",
    "2,11"
  ],
  [
    "3,0",
    "3,1",
    "3,2",
    "3,3",
    "3,4",
    "3,5",
    {
      "x": 2
    },
    "3,6",
    "3,7",
    "3,8",
    "3,9",
    "3,10",
    "3,11"
  ]
        ]
    }
}