{
    "manufacturer": "y",
    "keyboard_name": "sato01",
    "maintainer": "sato5322",
    "bootloader": "rp2040",
    "diode_direction": "COL2ROW",
    "features": {
        "bootmagic": true,
        "command": false,
        "console": false,
        "extrakey": true,
        "mousekey": true,
        "nkro": true
      "encoder": true
    },
//    "matrix_size": {
//        "cols": 12,
//        "rows": 4
//    },
    "matrix_pins": {
        "cols": ["GP29", "GP28", "GP27", "GP26", "GP15", "GP14", "GP5", "GP4", "GP3", "GP2", "GP1", "GP0"],
        "rows": ["GP8", "GP9", "GP10", "GP11",]
    },
    "encoder": {
        "rotary": [
                { "pin_a": "GP13", "pin_b": "GP12", "resolution": 4 },
                { "pin_a": "GP7", "pin_b": "GP6", "resolution": 4 }
        ]
    },
    "processor": "RP2040",
    "url": "",
    "usb": {
        "device_version": "1.0.0",
        "pid": "0x0001",
        "vid": "0x5FFF"
    },
    "layouts": {
        "LAYOUT": {
            "layout": [{"matrix":[0,0], "x":0, "y":0}, {"matrix":[0,1], "x":1, "y":0}, {"matrix":[0,2], "x":2, "y":0}, {"matrix":[0,3], "x":3, "y":0}, {"matrix":[0,4], "x":4, "y":0}, {"matrix":[0,5], "x":5, "y":0}, {"matrix":[0,6], "x":8, "y":0}, {"matrix":[0,7], "x":9, "y":0}, {"matrix":[0,8], "x":10, "y":0}, {"matrix":[0,9], "x":11, "y":0}, {"matrix":[0,10], "x":12, "y":0}, {"matrix":[0,11], "x":13, "y":0},
                {"matrix":[1,0], "x":0, "y":1}, {"matrix":[1,1], "x":1, "y":1}, {"matrix":[1,2], "x":2, "y":1}, {"matrix":[1,3], "x":3, "y":1}, {"matrix":[1,4], "x":4, "y":1}, {"matrix":[1,5], "x":5, "y":1}, {"matrix":[1,6], "x":8, "y":1}, {"matrix":[1,7], "x":9, "y":1}, {"matrix":[1,8], "x":10, "y":1}, {"matrix":[1,9], "x":11, "y":1}, {"matrix":[1,10], "x":12, "y":1}, {"matrix":[1,11], "x":13, "y":1}, 
                {"matrix":[2,0], "x":0, "y":2}, {"matrix":[2,1], "x":1, "y":2}, {"matrix":[2,2], "x":2, "y":2}, {"matrix":[2,3], "x":3, "y":2}, {"matrix":[2,4], "x":4, "y":2}, {"matrix":[2,5], "x":5, "y":2}, {"matrix":[2,6], "x":8, "y":2}, {"matrix":[2,7], "x":9, "y":2}, {"matrix":[2,8], "x":10, "y":2}, {"matrix":[2,9], "x":11, "y":2}, {"matrix":[2,10], "x":12, "y":2}, {"matrix":[2,11], "x":13, "y":2}, 
                {"matrix":[3,0], "x":0, "y":3}, {"matrix":[3,1], "x":1, "y":3}, {"matrix":[3,2], "x":2, "y":3}, {"matrix":[3,3], "x":3, "y":3}, {"matrix":[3,4], "x":4, "y":3}, {"matrix":[3,5], "x":5, "y":3}, {"matrix":[3,6], "x":8, "y":3}, {"matrix":[3,7], "x":9, "y":3}, {"matrix":[3,8], "x":10, "y":3}, {"matrix":[3,9], "x":11, "y":3}, {"matrix":[3,10], "x":12, "y":3}, {"matrix":[3,11], "x":13, "y":3}
//              {"matrix":[4,2], "x":6, "y":4}, {"matrix":[4,0], "x":7, "y":4}, {"matrix":[4,3], "x":6, "y":5}, {"matrix":[4,1], "x":7, "y":5}
            ]
        }
    }
}